filename,face_shape,folder
img_no_201.jpg,oval,oval
img_no_202.jpg,oval,oval
img_no_203.jpg,oval,oval
img_no_204.jpg,oval,oval
img_no_205.jpg,oval,oval
img_no_206.jpg,oval,oval
img_no_207.jpg,oval,oval
img_no_208.jpg,oval,oval
img_no_209.jpg,oval,oval
img_no_210.jpg,oval,oval
img_no_211.jpg,oval,oval
img_no_212.jpg,oval,oval
img_no_213.jpg,oval,oval
img_no_214.jpg,oval,oval
img_no_215.jpg,oval,oval
img_no_216.jpg,oval,oval
img_no_217.jpg,oval,oval
img_no_218.jpg,oval,oval
img_no_219.jpg,oval,oval
img_no_220.jpg,oval,oval
img_no_221.jpg,oval,oval
img_no_222.jpg,oval,oval
img_no_223.jpg,oval,oval
img_no_224.jpg,oval,oval
img_no_225.jpg,oval,oval
img_no_226.jpg,oval,oval
img_no_227.jpg,oval,oval
img_no_228.jpg,oval,oval
img_no_229.jpg,oval,oval
img_no_230.jpg,oval,oval
img_no_231.jpg,oval,oval
img_no_232.jpg,oval,oval
img_no_233.jpg,oval,oval
img_no_234.jpg,oval,oval
img_no_235.jpg,oval,oval
img_no_236.jpg,oval,oval
img_no_237.jpg,oval,oval
img_no_238.jpg,oval,oval
img_no_239.jpg,oval,oval
img_no_240.jpg,oval,oval
img_no_241.jpg,oval,oval
img_no_242.jpg,oval,oval
img_no_243.jpg,oval,oval
img_no_244.jpg,oval,oval
img_no_245.jpg,oval,oval
img_no_246.jpg,oval,oval
img_no_247.jpg,oval,oval
img_no_248.jpg,oval,oval
img_no_249.jpg,oval,oval
img_no_250.jpg,oval,oval
img_no_251.jpg,oval,oval
img_no_252.jpg,oval,oval
img_no_253.jpg,oval,oval
img_no_254.jpg,oval,oval
img_no_255.jpg,oval,oval
img_no_256.jpg,oval,oval
img_no_257.jpg,oval,oval
img_no_258.jpg,oval,oval
img_no_259.jpg,oval,oval
img_no_260.jpg,oval,oval
img_no_261.jpg,oval,oval
img_no_262.jpg,oval,oval
img_no_263.jpg,oval,oval
img_no_264.jpg,oval,oval
img_no_265.jpg,oval,oval
img_no_266.jpg,oval,oval
img_no_267.jpg,oval,oval
img_no_268.jpg,oval,oval
img_no_269.jpg,oval,oval
img_no_270.jpg,oval,oval
img_no_271.jpg,oval,oval
img_no_272.jpg,oval,oval
img_no_273.jpg,oval,oval
img_no_274.jpg,oval,oval
img_no_275.jpg,oval,oval
img_no_276.jpg,oval,oval
img_no_277.jpg,oval,oval
img_no_278.jpg,oval,oval
img_no_279.jpg,oval,oval
img_no_280.jpg,oval,oval
img_no_281.jpg,oval,oval
img_no_282.jpg,oval,oval
img_no_283.jpg,oval,oval
img_no_284.jpg,oval,oval
img_no_285.jpg,oval,oval
img_no_286.jpg,oval,oval
img_no_287.jpg,oval,oval
img_no_288.jpg,oval,oval
img_no_289.jpg,oval,oval
img_no_290.jpg,oval,oval
img_no_291.jpg,oval,oval
img_no_292.jpg,oval,oval
img_no_293.jpg,oval,oval
img_no_294.jpg,oval,oval
img_no_295.jpg,oval,oval
img_no_296.jpg,oval,oval
img_no_297.jpg,oval,oval
img_no_298.jpg,oval,oval
img_no_299.jpg,oval,oval
img_no_300.jpg,oval,oval
img_no_301.jpg,round,round
img_no_302.jpg,round,round
img_no_303.jpg,round,round
img_no_304.jpg,round,round
img_no_305.jpg,round,round
img_no_306.jpg,round,round
img_no_307.jpg,round,round
img_no_308.jpg,round,round
img_no_309.jpg,round,round
img_no_310.jpg,round,round
img_no_311.jpg,round,round
img_no_312.jpg,round,round
img_no_313.jpg,round,round
img_no_314.jpg,round,round
img_no_315.jpg,round,round
img_no_316.jpg,round,round
img_no_317.jpg,round,round
img_no_318.jpg,round,round
img_no_319.jpg,round,round
img_no_320.jpg,round,round
img_no_321.jpg,round,round
img_no_322.jpg,round,round
img_no_323.jpg,round,round
img_no_324.jpg,round,round
img_no_325.jpg,round,round
img_no_326.jpg,round,round
img_no_327.jpg,round,round
img_no_328.jpg,round,round
img_no_329.jpg,round,round
img_no_330.jpg,round,round
img_no_331.jpg,round,round
img_no_332.jpg,round,round
img_no_333.jpg,round,round
img_no_334.jpg,round,round
img_no_335.jpg,round,round
img_no_336.jpg,round,round
img_no_337.jpg,round,round
img_no_338.jpg,round,round
img_no_339.jpg,round,round
img_no_340.jpg,round,round
img_no_341.jpg,round,round
img_no_342.jpg,round,round
img_no_343.jpg,round,round
img_no_344.jpg,round,round
img_no_345.jpg,round,round
img_no_346.jpg,round,round
img_no_347.jpg,round,round
img_no_348.jpg,round,round
img_no_349.jpg,round,round
img_no_350.jpg,round,round
img_no_351.jpg,round,round
img_no_352.jpg,round,round
img_no_353.jpg,round,round
img_no_354.jpg,round,round
img_no_355.jpg,round,round
img_no_356.jpg,round,round
img_no_357.jpg,round,round
img_no_358.jpg,round,round
img_no_359.jpg,round,round
img_no_360.jpg,round,round
img_no_361.jpg,round,round
img_no_362.jpg,round,round
img_no_363.jpg,round,round
img_no_364.jpg,round,round
img_no_365.jpg,round,round
img_no_366.jpg,round,round
img_no_367.jpg,round,round
img_no_368.jpg,round,round
img_no_369.jpg,round,round
img_no_370.jpg,round,round
img_no_371.jpg,round,round
img_no_372.jpg,round,round
img_no_373.jpg,round,round
img_no_374.jpg,round,round
img_no_375.jpg,round,round
img_no_376.jpg,round,round
img_no_377.jpg,round,round
img_no_378.jpg,round,round
img_no_379.jpg,round,round
img_no_380.jpg,round,round
img_no_381.jpg,round,round
img_no_382.jpg,round,round
img_no_383.jpg,round,round
img_no_384.jpg,round,round
img_no_385.jpg,round,round
img_no_386.jpg,round,round
img_no_387.jpg,round,round
img_no_388.jpg,round,round
img_no_389.jpg,round,round
img_no_390.jpg,round,round
img_no_391.jpg,round,round
img_no_392.jpg,round,round
img_no_393.jpg,round,round
img_no_394.jpg,round,round
img_no_395.jpg,round,round
img_no_396.jpg,round,round
img_no_397.jpg,round,round
img_no_398.jpg,round,round
img_no_399.jpg,round,round
img_no_400.jpg,round,round
img_no_401.jpg,square,square
img_no_402.jpg,square,square
img_no_403.jpg,square,square
img_no_404.jpg,square,square
img_no_405.jpg,square,square
img_no_406.jpg,square,square
img_no_407.jpg,square,square
img_no_408.jpg,square,square
img_no_409.jpg,square,square
img_no_410.jpg,square,square
img_no_411.jpg,square,square
img_no_412.jpg,square,square
img_no_413.jpg,square,square
img_no_414.jpg,square,square
img_no_415.jpg,square,square
img_no_416.jpg,square,square
img_no_417.jpg,square,square
img_no_418.jpg,square,square
img_no_419.jpg,square,square
img_no_420.jpg,square,square
img_no_421.jpg,square,square
img_no_422.jpg,square,square
img_no_423.jpg,square,square
img_no_424.jpg,square,square
img_no_425.jpg,square,square
img_no_426.jpg,square,square
img_no_427.jpg,square,square
img_no_428.jpg,square,square
img_no_429.jpg,square,square
img_no_430.jpg,square,square
img_no_431.jpg,square,square
img_no_432.jpg,square,square
img_no_433.jpg,square,square
img_no_434.jpg,square,square
img_no_435.jpg,square,square
img_no_436.jpg,square,square
img_no_437.jpg,square,square
img_no_438.jpg,square,square
img_no_439.jpg,square,square
img_no_440.jpg,square,square
img_no_441.jpg,square,square
img_no_442.jpg,square,square
img_no_443.jpg,square,square
img_no_444.jpg,square,square
img_no_445.jpg,square,square
img_no_446.jpg,square,square
img_no_447.jpg,square,square
img_no_448.jpg,square,square
img_no_449.jpg,square,square
img_no_450.jpg,square,square
img_no_451.jpg,square,square
img_no_452.jpg,square,square
img_no_453.jpg,square,square
img_no_454.jpg,square,square
img_no_455.jpg,square,square
img_no_456.jpg,square,square
img_no_457.jpg,square,square
img_no_458.jpg,square,square
img_no_459.jpg,square,square
img_no_460.jpg,square,square
img_no_461.jpg,square,square
img_no_462.jpg,square,square
img_no_463.jpg,square,square
img_no_464.jpg,square,square
img_no_465.jpg,square,square
img_no_466.jpg,square,square
img_no_467.jpg,square,square
img_no_468.jpg,square,square
img_no_469.jpg,square,square
img_no_470.jpg,square,square
img_no_471.jpg,square,square
img_no_472.jpg,square,square
img_no_473.jpg,square,square
img_no_474.jpg,square,square
img_no_475.jpg,square,square
img_no_476.jpg,square,square
img_no_477.jpg,square,square
img_no_478.jpg,square,square
img_no_479.jpg,square,square
img_no_480.jpg,square,square
img_no_481.jpg,square,square
img_no_482.jpg,square,square
img_no_483.jpg,square,square
img_no_484.jpg,square,square
img_no_485.jpg,square,square
img_no_486.jpg,square,square
img_no_487.jpg,square,square
img_no_488.jpg,square,square
img_no_489.jpg,square,square
img_no_490.jpg,square,square
img_no_491.jpg,square,square
img_no_492.jpg,square,square
img_no_493.jpg,square,square
img_no_494.jpg,square,square
img_no_495.jpg,square,square
img_no_496.jpg,square,square
img_no_497.jpg,square,square
img_no_498.jpg,square,square
img_no_499.jpg,square,square
img_no_500.jpg,square,square
img_no_1.jpg,heart,heart
img_no_10.jpg,heart,heart
img_no_100.jpg,heart,heart
img_no_11.jpg,heart,heart
img_no_12.jpg,heart,heart
img_no_13.jpg,heart,heart
img_no_14.jpg,heart,heart
img_no_15.jpg,heart,heart
img_no_16.jpg,heart,heart
img_no_17.jpg,heart,heart
img_no_18.jpg,heart,heart
img_no_19.jpg,heart,heart
img_no_2.jpg,heart,heart
img_no_20.jpg,heart,heart
img_no_21.jpg,heart,heart
img_no_22.jpg,heart,heart
img_no_23.jpg,heart,heart
img_no_24.jpg,heart,heart
img_no_25.jpg,heart,heart
img_no_26.jpg,heart,heart
img_no_27.jpg,heart,heart
img_no_28.jpg,heart,heart
img_no_29.jpg,heart,heart
img_no_3.jpg,heart,heart
img_no_30.jpg,heart,heart
img_no_31.jpg,heart,heart
img_no_32.jpg,heart,heart
img_no_33.jpg,heart,heart
img_no_34.jpg,heart,heart
img_no_35.jpg,heart,heart
img_no_36.jpg,heart,heart
img_no_37.jpg,heart,heart
img_no_38.jpg,heart,heart
img_no_39.jpg,heart,heart
img_no_4.jpg,heart,heart
img_no_40.jpg,heart,heart
img_no_41.jpg,heart,heart
img_no_42.jpg,heart,heart
img_no_43.jpg,heart,heart
img_no_44.jpg,heart,heart
img_no_45.jpg,heart,heart
img_no_46.jpg,heart,heart
img_no_47.jpg,heart,heart
img_no_48.jpg,heart,heart
img_no_49.jpg,heart,heart
img_no_5.jpg,heart,heart
img_no_50.jpg,heart,heart
img_no_51.jpg,heart,heart
img_no_52.jpg,heart,heart
img_no_53.jpg,heart,heart
img_no_54.jpg,heart,heart
img_no_55.jpg,heart,heart
img_no_56.jpg,heart,heart
img_no_57.jpg,heart,heart
img_no_58.jpg,heart,heart
img_no_59.jpg,heart,heart
img_no_6.jpg,heart,heart
img_no_60.jpg,heart,heart
img_no_61.jpg,heart,heart
img_no_62.jpg,heart,heart
img_no_63.jpg,heart,heart
img_no_64.jpg,heart,heart
img_no_65.jpg,heart,heart
img_no_66.jpg,heart,heart
img_no_67.jpg,heart,heart
img_no_68.jpg,heart,heart
img_no_69.jpg,heart,heart
img_no_7.jpg,heart,heart
img_no_70.jpg,heart,heart
img_no_71.jpg,heart,heart
img_no_72.jpg,heart,heart
img_no_73.jpg,heart,heart
img_no_74.jpg,heart,heart
img_no_75.jpg,heart,heart
img_no_76.jpg,heart,heart
img_no_77.jpg,heart,heart
img_no_78.jpg,heart,heart
img_no_79.jpg,heart,heart
img_no_8.jpg,heart,heart
img_no_80.jpg,heart,heart
img_no_81.jpg,heart,heart
img_no_82.jpg,heart,heart
img_no_83.jpg,heart,heart
img_no_84.jpg,heart,heart
img_no_85.jpg,heart,heart
img_no_86.jpg,heart,heart
img_no_87.jpg,heart,heart
img_no_88.jpg,heart,heart
img_no_89.jpg,heart,heart
img_no_9.jpg,heart,heart
img_no_90.jpg,heart,heart
img_no_91.jpg,heart,heart
img_no_92.jpg,heart,heart
img_no_93.jpg,heart,heart
img_no_94.jpg,heart,heart
img_no_95.jpg,heart,heart
img_no_96.jpg,heart,heart
img_no_97.jpg,heart,heart
img_no_98.jpg,heart,heart
img_no_99.jpg,heart,heart
img_no_101.jpg,oblong,oblong
img_no_102.jpg,oblong,oblong
img_no_103.jpg,oblong,oblong
img_no_104.jpg,oblong,oblong
img_no_105.jpg,oblong,oblong
img_no_106.jpg,oblong,oblong
img_no_107.jpg,oblong,oblong
img_no_108.jpg,oblong,oblong
img_no_109.jpg,oblong,oblong
img_no_110.jpg,oblong,oblong
img_no_111.jpg,oblong,oblong
img_no_112.jpg,oblong,oblong
img_no_113.jpg,oblong,oblong
img_no_114.jpg,oblong,oblong
img_no_115.jpg,oblong,oblong
img_no_116.jpg,oblong,oblong
img_no_117.jpg,oblong,oblong
img_no_118.jpg,oblong,oblong
img_no_119.jpg,oblong,oblong
img_no_120.jpg,oblong,oblong
img_no_121.jpg,oblong,oblong
img_no_122.jpg,oblong,oblong
img_no_123.jpg,oblong,oblong
img_no_124.jpg,oblong,oblong
img_no_125.jpg,oblong,oblong
img_no_126.jpg,oblong,oblong
img_no_127.jpg,oblong,oblong
img_no_128.jpg,oblong,oblong
img_no_129.jpg,oblong,oblong
img_no_130.jpg,oblong,oblong
img_no_131.jpg,oblong,oblong
img_no_132.jpg,oblong,oblong
img_no_133.jpg,oblong,oblong
img_no_134.jpg,oblong,oblong
img_no_135.jpg,oblong,oblong
img_no_136.jpg,oblong,oblong
img_no_137.jpg,oblong,oblong
img_no_138.jpg,oblong,oblong
img_no_139.jpg,oblong,oblong
img_no_140.jpg,oblong,oblong
img_no_141.jpg,oblong,oblong
img_no_142.jpg,oblong,oblong
img_no_143.jpg,oblong,oblong
img_no_144.jpg,oblong,oblong
img_no_145.jpg,oblong,oblong
img_no_146.jpg,oblong,oblong
img_no_147.jpg,oblong,oblong
img_no_148.jpg,oblong,oblong
img_no_149.jpg,oblong,oblong
img_no_150.jpg,oblong,oblong
img_no_151.jpg,oblong,oblong
img_no_152.jpg,oblong,oblong
img_no_153.jpg,oblong,oblong
img_no_154.jpg,oblong,oblong
img_no_155.jpg,oblong,oblong
img_no_156.jpg,oblong,oblong
img_no_157.jpg,oblong,oblong
img_no_158.jpg,oblong,oblong
img_no_159.jpg,oblong,oblong
img_no_160.jpg,oblong,oblong
img_no_161.jpg,oblong,oblong
img_no_162.jpg,oblong,oblong
img_no_163.jpg,oblong,oblong
img_no_164.jpg,oblong,oblong
img_no_165.jpg,oblong,oblong
img_no_166.jpg,oblong,oblong
img_no_167.jpg,oblong,oblong
img_no_168.jpg,oblong,oblong
img_no_169.jpg,oblong,oblong
img_no_170.jpg,oblong,oblong
img_no_171.jpg,oblong,oblong
img_no_172.jpg,oblong,oblong
img_no_173.jpg,oblong,oblong
img_no_174.jpg,oblong,oblong
img_no_175.jpg,oblong,oblong
img_no_176.jpg,oblong,oblong
img_no_177.jpg,oblong,oblong
img_no_178.jpg,oblong,oblong
img_no_179.jpg,oblong,oblong
img_no_180.jpg,oblong,oblong
img_no_181.jpg,oblong,oblong
img_no_182.jpg,oblong,oblong
img_no_183.jpg,oblong,oblong
img_no_184.jpg,oblong,oblong
img_no_185.jpg,oblong,oblong
img_no_186.jpg,oblong,oblong
img_no_187.jpg,oblong,oblong
img_no_188.jpg,oblong,oblong
img_no_189.jpg,oblong,oblong
img_no_190.jpg,oblong,oblong
img_no_191.jpg,oblong,oblong
img_no_192.jpg,oblong,oblong
img_no_193.jpg,oblong,oblong
img_no_194.jpg,oblong,oblong
img_no_195.jpg,oblong,oblong
img_no_196.jpg,oblong,oblong
img_no_197.jpg,oblong,oblong
img_no_198.jpg,oblong,oblong
img_no_199.jpg,oblong,oblong
img_no_200.jpg,oblong,oblong
